心气虚证,养心汤
心气虚证,宅中汤
心气虚证,炙甘草汤
心气不足证,丁香胶艾汤
心气不足证,知柏养心汤
心气不足证,安神丸
心气不足证,养心汤
心气血两虚证,定心汤
心血虚证,养心汤
心血虚证,四物汤
心血虚证,天王补心丹
心血虚证,归脾汤
心血虚证,炙甘草汤
心血不足证,归脾汤
心血不足证,炙甘草汤
心血不足证,四物汤加味
心血不足证,宜人参养荣汤
心血不足证,安神丸
心阴虚证,天王补心丹
心营亏虚证,人参养荣汤
心营亏虚证,天王补心丹
心阴不足证,生脉散
心阴不足证,天王补心丹
心阴不足证,甘麦枣仁汤
心阴阳两虚证,补天大造丸
心阴阳两虚证,肾气丸
心阴阳两虚证,金匮肾气汤
心阴阳两虚证,桂附地黄汤
心阴阳两虚证,右归饮
心阴阳两虚证,右归丸
心阴阳两虚证,左归丸
心阴阳两虚证,地黄饮子
心阴阳两虚证,防己黄芪汤
心阴阳两虚证,炙甘草汤
心阴阳两虚证,桂枝去芍药加皂荚汤
心阴阳两虚证,生姜甘草汤
心阴阳两虚证,济生肾气汤
心阴阳两虚证,桃红四物汤
心阴阳两虚证,天麻钩藤饮
心阴阳两虚证,十四味大建中汤
心阴阳两虚证,炙甘草汤
心阴阳两虚证,地黄饮子合斑龙丸
心阳虚证,桂枝甘草汤
心阳虚证,人参汤
心阳虚证,参附汤
心阳虚证,桂枝甘草龙骨牡蛎汤
心阳虚证,保元汤
心阳不足证,定志丸
心阳不足证,桂枝甘草龙骨牡蛎汤
心阳虚衰证,参附龙牡救逆汤
心阳暴脱证,参附汤
心血瘀阻证,血府逐瘀汤
心血瘀阻证,生脉散合血府逐瘀汤
心血瘀阻证,瓜蒌薤白半夏汤
心血瘀阻证,枳实薤白桂枝汤
心血瘀阻证,桃仁红花煎
心气滞血瘀证,血府逐瘀汤
心气滞血瘀证,身痛逐瘀汤
心气滞血瘀证,复元活血汤
心气滞血瘀证,少腹逐瘀汤
心气滞血瘀证,通窍活血汤
心气滞血瘀证,膈下逐瘀汤
心气虚血瘀证,补阳还五汤
心气虚血瘀证,保元汤
心气虚血瘀证,桃红四物汤
心气虚血瘀证,葶苈大枣泻肺汤
心气虚血瘀证,补肾益气活血方
心气虚血瘀证,参芪合血府逐瘀汤
心气虚血瘀证,四君子汤
心气虚血瘀证,黄芪桂枝五物汤
心气虚血瘀证,补中益气汤
心气虚血瘀证,五苓散
心气虚血瘀证,人参养荣汤
心气虚血瘀证,八珍汤
心气虚血瘀证,合桂枝汤
心气虚血瘀证,鳖甲煎丸
心气虚血瘀证,何首乌酒
心气虚血瘀证,补气泻荣汤
心气虚血瘀证,黄芪桂枝五物汤
心气虚血瘀证,丹参通脉汤
心气虚血瘀证,参苓白术散
心气虚血瘀证,胃苓汤
心气虚血瘀证,水陆二仙丹
心气虚血瘀证,当归补血汤
心气虚血瘀证,香砂六君子汤
心气虚血瘀证,大黄附子汤加减
心阴虚血瘀证,芍药甘草汤
心阴虚血瘀证,桃红四物汤
心阴虚血瘀证,尿毒清颗粒
心阴虚血瘀证,生脉散
心阴虚血瘀证,左归丸
心阴虚血瘀证,黄连温胆汤
心阴虚血瘀证,升降散
心阴虚血瘀证,参芪地黄汤
心阴虚血瘀证,清心莲子饮
心阴虚血瘀证,生脉散
心经积热证,栀子清肝散
心经积热证,炒黄连亦通
心经积热证,导赤散
心经实火犯目证,泻心汤
心经实火犯目证,导赤散
心经虚火犯目证,补心汤
小肠虚寒证,理中汤
小肠虚寒证,吴茱萸汤
小肠虚寒证,厚朴温中汤
小肠虚寒证,附子理中汤
小肠实热证,导赤散
小肠实热证,小蓟饮子
肝中寒证,二柴胡饮
肝中寒证,正柴胡饮
肝中寒证,不换金正气散
肝实热证,龙胆泻肝汤
肝实热证,泻青丸
肝火炽盛证,葶苈苦酒汤
肝火炽盛证,通圣散
肝火炽盛证,泻青丸
肝火炽盛证,龙胆泻肝汤
肝火上炎证,当归龙荟丸
肝火上炎证,龙胆泻肝汤
肝火上炎证,泻青丸
肝火上炎证,当归龙荟丸
肝火湿热证,茵陈五苓散
肝火湿热证,龙胆泻肝汤
肝火痰热证,龙胆泻肝汤
肝火痰热证,涤痰汤
肝血虚证,四物汤
肝血虚证,归芍地黄汤
肝血虚证,当归补血汤
肝血虚证,一贯煎
肝血虚证,补肝散
肝血虚证,补肝汤
肝血虚证,养血胜风汤
肝阴虚证,一贯煎
肝阴虚证,补肝汤
肝阴虚证,杞菊地黄丸
肝阴虚证,明目地黄丸
肝阴虚证,泻肝丸
肝阴虚证,龙胆泻肝汤
肝阴虚证,六味地黄丸
肝阴虚证,六味地黄丸
肝阴不足证,一贯煎
肝阴不足证,大补阴丸
肝阴不足证,左归丸
肝阳虚证,羚羊角散
肝阳虚证,大补阴丸
肝阳虚证,金匮肾气丸
肝阳虚证,吴茱萸汤
肝阳虚证,当归四逆汤
肝阳虚证,桂枝汤
肝阳虚证,乌梅汤
肝阳虚证,附子汤
肝阳虚证,乌头煎
肝阳虚证,黄芪建中汤
肝阳虚证,补肝汤
肝阳虚证,补肝散
肝阳虚证,防风补煎方
肝阳虚证,槟榔汤方
肝阳虚证,调肝散
肝阳虚证,补肝薯蓣散
肝阳虚证,补肝细辛散
肝阳虚证,防风散
肝阳虚证,白茯苓散
肝阳虚证,槟榔散
肝阳虚证,酸枣仁散
肝阳虚证,荜菝丸
肝阳虚证,桂甘龙牡汤
肝阳虚证,暖肝煎
肝阳虚证,补肝散
肝阳虚证,升阳舒肝汤
肝阳虚证,湿阳补肝汤
肝阳不足证,六味地黄丸
肝阳不足证,归芍地黄丸
肝虚风动证,左归丸
肝虚风动证,大补元煎
肝阴虚动风证,镇肝熄风汤
肝阴虚动风证,大定风珠
肝气郁结证,半夏厚朴汤
肝气郁结证,海藻玉壶汤
肝气郁结证,昆布丸
肝气郁结证,四逆散
肝气郁结证,沉香降气散
肝气郁结证,三棱汤
肝气郁结证,膈下逐瘀汤
肝气郁结证,鳖甲煎丸
肝气郁结证,柴胡疏肝散?
肝郁气滞证,丹栀逍遥散
肝郁气滞证,左金丸
肝郁气滞证,逍遥散
肝郁气滞证,四海舒郁丸
肝郁气滞证,神效瓜蒌散
肝郁气滞证,开郁散
肝郁气滞证,柴胡疏肝散
肝郁气滞证,逍遥散
肝郁气滞证,青风羚羊汤
肝郁气滞证,沉香散
肝郁气滞证,开郁散
肝郁气滞证,逍遥丸
肝郁气滞证,沉香散
肝郁气滞证,解郁汤
肝郁气滞证,四逆散
肝郁气滞证,越鞠丸
肝郁化热证,丹栀逍遥散
肝郁化热证,转呆汤
肝郁化热证,龙胆泻肝汤
肝郁化热证,柴胡清肝汤
肝郁化热证,龙胆泻肝汤
肝郁化热证,逍遥散
肝郁火旺证,丹栀逍遥散
肝郁痰凝证,开郁散
肝郁痰凝证,逍遥散
肝郁痰凝证,神效瓜蒌散
肝郁痰凝证,清肝解郁汤
肝郁痰凝证,季芝鲫鱼膏
肝郁痰凝证,散肿溃坚汤
肝郁痰热证,柴胡清肝汤
肝郁痰火证,柴胡清肝汤
肝郁痰火证,温胆汤
肝郁痰火证,当归龙荟丸
肝郁痰火证,柴胡饮子
肝郁痰火证,防风当归饮子
肝郁痰火证,麦煎散
肝郁血热证,丹栀逍遥散
肝郁血瘀证,复元活血汤
肝郁阴虚证,天麻钩藤饮
肝阳暴亢证,天麻钩藤饮
肝阳暴亢证,羚角钩藤汤
肝阳暴亢证,安宫牛黄丸
肝阳挟痰上扰证,天麻钩藤饮
肝风痰浊证,丹栀逍遥散
肝经气滞证,沉香散
肝经气滞证,
肝经风寒证,羌活胜风汤
肝经风寒证,羚羊角饮子
肝经风寒证,空青丸
肝经风寒证,新制柴连汤
肝经郁热证,柴胡清肝汤
肝经郁热证,子芩丸
肝经郁热证,龙胆泻肝汤
肝络瘀阻证,小柴胡汤
胆腑郁热证,大柴胡汤
胆腑郁热证,龙胆泻肝汤
胆热痰扰证,温胆汤
胆气虚证,温胆汤
胆气虚证,安神定志丸
胆气虚证,五福饮
胆气虚证,七福饮
胆气虚证,八珍汤
胆气虚证,定志丸
胆气虚证,酒调辰砂妙香散
胆郁痰扰证,温胆汤
胆郁发黄证,柴胡疏肝汤
中虚脏寒证,小建中汤
脾气虚证,四君子汤
脾气虚证,六君子汤
脾气虚证,补中益气汤
脾虚气弱证,黄芪汤
脾虚气弱证,补中益气汤
脾虚失运证,补中益气汤
脾气不升证,补中益气汤
脾气不升证,春泽汤
脾不统血证,归脾汤
脾阴虚证,沙参麦门冬汤
脾阴虚证,资生汤
脾阴虚证,升阴汤
脾阴虚证,资生丸
脾阳虚证,小建中汤
脾阳虚证,附子理中汤
脾阳不足证,右归饮
脾阳不足证,健固汤合四神丸
脾阳不足证,右归饮
脾阳不振证,温清止泄汤
脾阳虚衰证,益黄散
脾阳虚衰证,实脾饮
脾虚气滞证,香砂六君子汤加减
脾虚气滞证,快脾丸
脾虚气滞证,下气汤
脾虚气滞证,六君子汤
脾虚气滞证,归脾汤
脾虚气滞证,沉香降气汤
脾虚湿热证,易黄汤
脾虚湿热证,治子肿方
脾虚湿热证,补中益气汤
脾虚湿热证,八珍汤
脾虚湿阻证,黄芪防己汤
脾虚湿阻证,六君子汤
脾虚湿阻证,益肾蠲痹丸
脾虚湿阻证,补中益气丸
脾虚湿阻证,参苓白术丸
脾虚湿蕴证,除湿胃苓汤
脾虚湿蕴证,参苓白术散
脾虚湿蕴证,小儿化湿汤
脾虚湿蕴证,芎归二术汤
脾虚湿困证,四君子汤
脾虚湿困证,平胃散
脾虚湿困证,二陈汤
脾虚湿困证,小半夏汤
脾虚湿困证,苓桂术甘汤
脾虚湿困证,参苓白术散
脾虚湿困证,黄芪补中汤
脾虚湿困证,托里消毒散
脾虚湿困证,补中益气汤
脾虚湿困证,防己黄芪汤
脾虚湿困证,六君子汤
脾虚湿困证,茵陈理中汤
脾虚湿困证,经验方
脾虚痰盛证,六君子汤
脾虚水泛证,苓桂术甘汤
脾虚水泛证,五苓散
脾失健运证,不换金正气散
脾气郁结证,归脾汤
脾经风热证,内疏黄连汤
脾经湿热证,赤豆当归散
胃寒证,理中丸
胃寒证,厚朴温中汤
胃寒证,良附丸
胃寒证,黄芪健中汤
胃实寒证,厚朴温中汤
胃热炽盛证,凉膈散
胃热炽盛证,玉女煎
胃热炽盛证,泻心汤
胃热炽盛证,承气汤
胃热炽盛证,犀角地黄汤
胃热炽盛证,清凉饮子
胃热炽盛证,人参汤
胃热气逆证,黄连温胆汤
胃火炽盛证,加味清胃散
胃火炽盛证,泻心汤
胃火炽盛证,起痿至神汤
胃火上逆证,竹叶石膏汤
胃气虚证,理中汤
胃气虚证,香砂六君子汤
胃气虚证,异功散
胃气虚证,如圣金刀散
胃气虚证,离宫锭
胃气虚证,安胎饮
胃气虚证,补中益气汤
胃气虚证,宽带汤
胃气虚证,六君子汤
胃气虚证,参苓白术散
胃气虚证,滋肾丸
胃气虚证,四君子汤
胃气虚证,六君子汤
胃气虚证,丁沉四君子汤
胃阴虚证,益胃汤
胃阴虚证,橘皮竹茹汤
胃阳虚证,理中汤
胃阳虚证,理中丸
胃阳虚证,甘草干姜汤
胃阳虚证,黄芪建中汤
胃阳虚证,小建中汤
食滞胃脘证,保和丸
食滞胃脘证,调胃承气汤
胃气不和证,使君子丸
胃气不和证,益黄散
胃气不和证,半夏泻心汤
胃气上逆证,良附丸
胃气上逆证,左金丸
胃气上逆证,保和丸
胃气上逆证,枳实导滞丸
胃气上逆证,旋覆代赭汤
胃气上逆证,温胆汤
胃气上逆证,麦门冬汤
胃气上逆证,半夏泻心汤
肺中寒证,华盖汤
肺中寒证,温肺散
肺热发疹证,银翘散
肺热炽盛证,泻白散
肺热炽盛证,导赤散
肺热炽盛证,知柏地黄汤
肺热炽盛证,凉膈散
肺热炽盛证,凉膈白虎汤
肺热炽盛证,葶苈圆
肺热阴虚证,六味地黄丸
肺热阴虚证,铜粉丸
肺气虚证,补肺汤
肺气虚证,人参胡桃汤
肺气虚证,温肺止流丹
肺气虚证,玉屏风散
肺气虚证,苍耳子散
肺气虚证,生脉散
肺气虚证,补肺汤
肺气虚证,安肺汤
肺气虚证,杏仁煎
肺气虚证,延年天门冬煎
肺气虚证,保元汤
肺气虚证,养心汤
肺气虚证,独参汤
肺气虚证,人参膏
肺气虚证,治急喉痹声鼾方
肺气虚证,人参五味子汤
肺气虚证,如意膏
肺气虚证,茯苓厚朴汤
肺气虚证,惺惺散
肺气虚证,玉屏风散
肺气虚寒证,保元汤
肺气虚寒证,人参胡桃汤
肺气虚寒证,温肺汤
肺阴虚证,养阴清肺汤
肺阴虚证,百合固金汤
肺阴虚证,麦味地黄汤
肺阴虚证,清燥救肺汤
肺阴不足证,百合固金汤
肺阴不足证,沙参麦冬汤
肺阴不足证,小柴胡汤
肺阴不足证,百合益阴汤
肺阴不足证,养阴清肺汤
肺气上逆证,参赭镇气汤
肺气郁痹证,五磨饮子
肺郁水停证,小青龙汤
肺郁水停证,苓甘五味加姜辛半夏杏仁汤
肺郁水停证,十枣汤
肺郁水停证,亭苈大枣泻肺汤
肺郁水停证,射干麻黄汤
肺郁水停证,亭苈大枣泻肺汤
肺郁水停证,木防己汤
肺燥津伤证,保和汤
肺燥津伤证,清燥救肺汤
肺燥阴虚证,兼润丸
肺燥阴虚证,沙参麦冬汤
肺燥阴虚证,百合固金汤
肺燥阴虚证,四生丸
肺燥阴虚证,清燥救肺汤
肺经风热证,紫金膏
肺经风热证,除风汤
肺经风热证,银翘散
肺经风热证,桑菊饮
肺经风热证,枇杷清肺饮
肺经郁火证,泻白散
肺经郁火证,退赤散
肺经郁火证,苍耳子散
肺经郁火证,辛夷清肺饮
肺络瘀阻证,血府逐瘀汤
大肠虚寒证,五苓散
大肠虚寒证,真人养脏汤
大肠虚寒证,理中汤合桃花汤
肠道气滞证,天台乌药散
肠道气滞证,橘核丸
肠道气滞证,六磨汤
肠道气滞证,木香理气片
大肠寒结证,三物备急丸
大肠寒结证,温脾汤
大肠寒结证,大黄附子汤
肠道寒湿证,参苓白术散
肠道寒湿证,香砂养胃丸
肠道实热证,大承气汤
肠道实热证,
肠道实热证,
大肠热结证,大承气汤
大肠湿热证,葛根芩连汤
大肠湿热证,芍药汤
大肠湿热证,清燥汤
大肠湿热证,羌活散
肾中寒证,不换金正气散
肾中寒证,附子五积散
肾中寒证,姜附汤
肾中寒证,附子理中汤
肾气虚证,调补肺肾方
肾气虚证,六味地黄汤
肾气虚证,四君子汤
肾气虚证,固阴煎
肾气虚证,金匮肾气丸
肾气虚证,无比山药丸
肾气虚证,补脾益肾方
肾气虚证,防己黄芪汤
肾气虚证,六君子汤
肾气虚证,玉屏风散
肾气虚证,肾气丸
肾气虚证,金锁固精丸
肾气虚证,缩泉丸
肾气虚证,七味都气丸
肾气虚证,参附龙牡
肾气虚证,参芪地黄汤
肾气虚证,金匮肾气丸
肾气虚证,右归饮
肾气虚证,都气丸
肾气虚证,黑锡丹
肾气不足证,六味地黄汤
肾气不足证,金匮肾气丸
肾气不足证,济川煎
肾气不足证,六味地黄丸
肾气不足证,增液汤
肾气不足证,济生肾气丸
肾气不足证,加味地黄
肾元亏虚证,补脑散
肾元亏虚证,黑锡丹
肾元亏虚证,紫灵丹
肾元亏虚证,灵砂丹
肾元亏虚证,六味地黄丸
肾虚不固证,都气丸
肾虚不固证,左归饮
肾虚不固证,金锁固精丸
肾虚不固证,水陆二仙丹
肾不纳气证,金匮肾气丸
肾不纳气证,参蛤散
肾不纳气证,都气丸
肾虚滑脱证,济生肾气丸
肾阴虚证,六味地黄丸
肾阴虚证,左归丸
肾阴虚证,左归饮
肾阴虚证,黄连阿胶汤
肾阴虚证,知柏地黄丸
肾阴虚证,百合固金汤
肾阴虚证,麦味地黄丸
肾阴不足证,知柏地黄丸
肾阴不足证,补中益气汤
肾阴不足证,八珍汤
肾阴不足证,六味丸
肾阴不足证,保真百补丸
肾阴不足证,左归丸
肾阴不足证,二至丸
肾阳虚证,右归丸
肾阳虚证,金匮肾气丸
肾阳虚证,金鹿丸
肾阳虚证,龟龄集散
肾阳虚证,苁蓉补肾丸
肾阳虚证,济生肾气丸
肾阳虚证,六君子汤
肾阳虚证,理中汤
肾阳虚证,八味丸
肾阳虚证,龟鹿补肾丸
肾阳虚证,附子理中汤
肾阳虚证,参附汤
肾阳不足证,金匮肾气丸
肾阳不足证,金匮肾气丸
肾阳不足证,肾气丸
肾阳不足证,右归丸
肾阳不足证,治虚冷血淋方
肾阳不足证,加味肾气汤
肾阳虚衰证,右归丸
肾阳虚衰证,赞育丹
肾阳虚衰证,济生肾气丸
肾阳虚衰证,真武汤
肾阳虚衰证,温胞饮
肾阳虚衰证,四神丸
肾阳虚衰证,大补元煎
肾阳虚衰证,济生肾气丸
肾阳虚衰证,八味丸
肾阳虚衰证,肾气丸
肾阳虚衰证,四神丸
命门火衰证,六味丸
命门火衰证,艾叶肉桂
命门火衰证,七宝美髯丹
肾精亏虚证,河车大造丸
肾精亏虚证,补肾益髓汤
肾精亏虚证,左归饮
肾精亏虚证,耳聋左慈丸
肾精亏虚证,杞菊地黄丸
肾精亏虚证,右归丸
肾精亏虚证,肾气丸
肾精亏虚证,七味汤
肾精亏虚证,参茸丸
肾精亏虚证,右归丸
肾虚骨弱证,补肾地黄丸
肾虚积冷证,独活寄生汤
肾虚寒湿证,加味五苓散
肾虚水泛证,济生肾气丸
肾虚水泛证,真武汤加减
肾虚血瘀证,归肾丸
肾虚血瘀证,桃红四物汤
肾虚血瘀证,紫丹饮
肾虚血瘀证,柴胡疏肝散
肾虚血瘀证,七味都气丸
肾虚血瘀证,金匮肾气丸
肾虚血瘀证,合桂枝茯苓丸
肾虚血瘀证,仙灵化瘀汤
肾虚血瘀证,杜断桑寄失笑散
肾虚血瘀证,宽带汤
肾虚血瘀证,五子衍宗丸
膀胱虚寒证,鸡鸣散
膀胱虚寒证,缩泉丸
膀胱气滞证,沉香散
膀胱湿热证,八正散
膀胱湿热证,荆防败毒散
膀胱湿热证,内托羌活汤
心移热小肠证,司天麦冬汤
心移热小肠证,导赤散
心肺气虚证,养心汤
心肺气虚证,补肺汤
心肺气虚证,保元汤
心肺气虚证,桃红四物汤
心肺气虚证,葶苈大枣泻肺汤
心肺阴虚证,清燥救肺汤
心脾湿热证,竹叶泻经汤
心脾火毒证,紫雪散
心脾火毒证,黄连解毒汤
心脾火毒证,蟾酥丸
心脾两虚证,归脾汤
心脾两虚证,四物汤
心脾两虚证,甘麦大枣汤
心脾两虚证,人参养荣汤
心脾两虚证,六君子汤
心脾两虚证,辰砂妙香散
心脾两虚证,威喜丸
心脾两虚证,妙香散
心脾两虚证,五苓散
心脾气虚证,归脾汤
心脾气血两虚证,归脾汤
心脾气血两虚证,柏子仁丸
心脾气血两虚证,养心汤
心脾气血两虚证,茯神散
心肝火旺证,龙胆泻肝汤
心肝火旺证,丹栀逍遥散加减
心肝火旺证,安神定志灵
心肝阴虚证,天王补心丹
心肝阴虚证,一贯煎
心胆气虚证,温胆汤
心胆气虚证,定志丸
心胆气虚证,酒调辰砂妙香散
心胆气虚证,安神定志丸
心虚胆怯证,安神定志丸
心肾不交证,黄连阿胶汤
心肾不交证,交泰丸
心肾不交证,六味地黄汤
心肾不交证,养心丸
心肾不交证,归脾丸
心肾不交证,四物汤
心肾不交证,金匮肾气丸
心肾气虚证,七珍散
心肾阴虚证,天王补心丹
心肾阴虚证,六味地黄丸
心肾阴虚证,炙甘草汤
心肾阳虚证,参附汤
心肾阳虚证,右归饮
心肾阳虚证,桂枝甘草汤
心肾阳虚证,金匮肾气丸
心肾阳虚证,生脉散
肝胆湿热证,茵陈五苓散
肝胆湿热证,龙胆泻肝汤
肝胆湿热证,茵陈汤
肝胆湿热证,大柴胡汤
肝胆火热证,龙胆泻肝汤
肝胆郁热证,小柴胡汤
肝胆郁热证,猪苓汤
肝胆郁热证,逍遥丸
肝胆热毒证,银花解毒汤
肝胆火炽证,绿风羚羊饮
肝胆火炽证,羚羊钩藤汤
肝胆火炽证,龙胆泻肝汤
肝胆风火攻目证,绿风羚羊饮
肝胆热毒犯目证,银花解毒汤
肝胆气虚证,七福饮
肝胆气虚证,五福饮
肝胆气虚证,八珍汤
肝气犯肺证,五磨饮子
肝火犯肺证,黛蛤散
肝火犯肺证,龙胆泻肝汤
肝火犯肺证,清金化痰汤
肝火犯肺证,泻白散
肝火犯肺证,集成金粟丹
肝火犯肺证,黄芩泻白散
肝肺风热证,坠翳散
肝肺风热证,羚羊角散
肝肺风热证,还睛散
肝肺风热证,凉膈散
肝肺风热证,泻肝散
肝肺风热证,加味修肝散
肝郁脾虚证,四逆散
肝郁脾虚证,逍遥散
肝郁脾虚证,柴芍六君子
肝郁脾虚证,归脾汤
肝郁脾虚证,柴苓汤
肝郁脾虚证,四海舒郁丸
肝郁脾虚证,四君子汤
肝郁脾虚证,痛泻药方
肝郁脾虚证,半夏厚朴汤
肝旺脾虚证,痛泻要方
肝旺脾虚证,柴胡疏肝散
肝热脾虚证,清脾饮
肝脾湿热证,中满分消丸
肝脾湿热证,茵陈篙汤
肝脾湿热证,柴胡清肝汤
肝脾湿热证,花斑解毒汤
肝脾湿热证,蛤粉散
肝脾湿热证,真君妙贴散
肝脾湿热证,升阳除湿汤
肝脾湿热证,龙胆泻肝汤
肝脾湿热证,五苓散
肝脾湿热证,侧柏叶丸
肝脾湿火证,柴胡清肝汤
肝脾湿火证,龙胆泻肝汤
肝脾湿火证,化斑解毒汤
肝脾血瘀证,膈下逐瘀汤
肝脾血瘀证,调营饮
肝脾两虚证,杞菊地黄丸
肝脾两虚证,加减驻景丸
肝胃气滞证,柴胡疏肝散
肝气犯胃证,四逆散
肝气犯胃证,半夏厚朴汤
肝气犯胃证,解肝煎
肝气犯胃证,金铃子散
肝胃郁热证,化肝煎
肝胃郁热证,左金丸
肝胃郁热证,大柴胡汤
肝胃郁热证,柴胡疏肝散
肝胃热盛证,六味汤
肝胃热盛证,金不换
肝胃热盛证,八仙散
肝火犯胃证,龙胆泻肝汤
肝火犯胃证,泻白散
肝胃虚寒证,吴茱萸汤
肝胃阴虚证,一贯煎
肝胃阴虚证,益胃汤
肝郁肾虚证,定经汤
肝肾两虚证,补血荣筋丸
肝肾两虚证,虎潜丸
肝肾两虚证,益气养营汤
肝肾不足证,归肾丸
肝肾不足证,加味六味地黄丸
肝肾不足证,七宝美髯丹
肝肾不足证,独活寄生汤
肝肾不足证,杞菊地黄丸
肝肾不足证,加减驻景丸
肝肾不足证,白薇丸
肝肾不足证,左归丸
肝肾不足证,一贯煎
肝肾不足证,明目地黄丸
肝肾不足证,膈下逐淤汤
肝肾亏虚证,虎潜丸
肝肾亏虚证,大补元煎
肝肾亏虚证,左归丸
肝肾亏虚证,地黄饮子
肝肾亏虚证,镇肝熄风汤
肝肾亏虚证,明目地黄丸
肝肾亏虚证,一贯煎
肝肾亏虚证,右归饮
肝肾亏虚证,壮骨丸
肝肾阴虚证,四物汤
肝肾阴虚证,二至丸
肝肾阴虚证,杞菊地黄丸
肝肾阴虚证,一贯煎
肝肾阴虚证,六味地黄丸
肝肾阴虚证,左归丸
肝肾阴虚证,大补元煎
脾胃不和证,调脾散
脾胃寒湿证,理中汤
脾胃伏热犯目证,清脾散
脾胃实热犯唇证,凉膈散
胃热滞脾证,半夏泻心汤加减
脾胃伏热证,清脾散
脾胃积热证,凉膈散
脾胃湿热证,黄连温胆汤
脾胃湿热证,生料五苓散
脾胃湿热证,兰香饮子
脾胃湿热证,防风通圣散
脾胃湿热证,三仁汤
脾胃湿热证,甘露消毒丹
脾胃湿热证,王氏连朴饮
脾胃湿热证,半夏泻心汤
脾胃湿热证,藿朴三仁汤
脾胃湿热证,泻黄散
脾胃阴虚证,养胃增液汤
脾胃阴虚证,益胃汤
脾胃阳虚证,理中汤
脾胃阳虚证,甘草干姜汤
脾肺两虚证,补中益气汤
脾肺两虚证,六君子汤
脾肺两虚证,十全大补汤
脾肺气虚证,补中益气汤
脾肺气虚证,缩泉丸
胃肠实热证,大黄黄连泻心汤
脾肾两虚证,膏淋汤
脾肾两虚证,保元汤
脾肾两虚证,无比山药丸
脾肾两虚证,四君子煎
脾肾两虚证,八味地黄丸
脾肾两虚证,六味地黄丸
脾肾两虚证,当归六黄汤
脾肾两虚证,金匮肾气丸
脾肾两虚证,济生肾气汤
脾肾两虚证,地黄丸
脾肾两虚证,扶元散
脾肾两虚证,归脾丸
脾肾两虚证,补中益气丸
脾肾两虚证,河车八味丸
脾肾两虚证,附子汤
脾肾亏虚证,阿魏膏
脾肾亏虚证,熨痞方
脾肾亏虚证,琥珀膏
脾肾亏虚证,六味地黄丸
脾肾亏虚证,补中益气汤
脾肾气虚证,缩泉丸
脾肾气虚证,关胃煎
脾肾阴虚证,理阴煎
脾肾阳虚证,黄芪补中汤
脾肾阳虚证,真武汤
脾肾阳衰证,真武汤
脾肾阳衰证,济生肾气丸
脾肾阳衰证,附子理中汤
脾肾阳衰证,固真汤
脾肾阳衰证,逐寒荡惊汤
肺肝风热证,加味修肝散
肺脾两虚证,内助散
肺脾两虚证,玉屏风散
肺脾两虚证,六君子汤
肺脾气虚证,六君子汤
肺脾气虚证,三子养亲汤
肺脾气虚证,玉屏风散
肺脾气虚证,补中益气汤
肺脾气虚证,人参五味子汤
肺脾气虚证,防己茯苓汤
肺脾气虚证,参苓白术散
肺脾气虚证,补中益气汤
肺脾气虚证,缩泉丸
肺脾气虚证,参苓白术丸
肺脾气虚证,六味地黄丸
肺脾气虚证,四君子汤
肺胃热盛证,辛夷清肺饮
肺胃热盛证,清咽利膈汤
肺胃热盛证,六安煎
肺胃热盛证,二陈汤
肺胃阴伤证,沙参麦冬汤
肺胃阴虚证,沙参麦冬汤
肺胃阴虚证,泻白散
肺胃阴虚证,导赤散
肺肾两虚证,参蛤散
肺肾两虚证,金水六君煎
肺肾气虚证,平喘固本汤
肺肾气虚证,补肺汤
肺肾气虚证,调补肺肾方
肺肾阳虚证,真武汤
肺肾阴虚证,麦味地黄丸
肺肾阴虚证,养阴清肺汤
肺肾阴虚证,六味地黄丸
肺肾阴虚证,加味猪苓汤
肺肾阴虚证,养阴清肺汤
相火上炎证,知柏地黄汤
食毒伤胃证,保和丸
食毒伤胃证,枳实导滞丸
先天遗毒证,犀角地黄汤
先天遗毒证,黄连解毒汤
虫毒湿热结肤证,萆Z渗湿汤
虫毒结聚证,芦苔丸
蛇咬伤风毒证,活血祛风解毒汤
蛇咬伤火毒证,五味消毒饮
蛇咬伤火毒证,犀角地黄汤
蛇咬伤风火毒证,五味消毒饮
蛇咬伤风火毒证,犀角地黄汤
蛇咬伤风火毒证,五虎追风散
蛇毒内攻证,玉真散
蛇毒内攻证,清瘟败毒饮
蛇毒内攻证,升降散
蛇毒内攻证,黄连解毒汤
蛇毒内陷证,清营汤
痰气互结证,小陷胸汤
痰气互结证,开郁散
痰气互结证,半夏厚朴汤
痰气互结证,四君子汤
痰气郁结证,半夏厚朴汤
痰气郁结证,四七汤
痰气郁结证,三圣散
痰气郁结证,温胆汤
痰气郁结证,顺气导痰汤
痰气郁结证,逍遥散
痰气郁结证,期颐饼
痰气阻膈证,启膈散
痰气凝结证,消痰噙化丸
痰饮内停证,控涎丹
痰饮内停证,指迷茯苓丸
痰饮内停证,小青龙汤
痰饮内停证,小半夏汤
痰饮内停证,苓桂术甘汤
痰饮内停证,半夏白术天麻汤
痰饮内停证,二陈汤
痰饮内停证,六君子汤
痰饮内停证,补中益气汤
痰饮内盛证,六君子汤
痰饮内盛证,二陈汤
痰饮内阻证,小半夏汤
痰饮内阻证,苓桂术甘汤
痰饮上逆证,玉液丸
痰饮上逆证,葶苈大枣泻肺汤
痰饮上逆证,苏子降气汤
痰饮上逆证,白前汤
痰饮阻肺证,防己黄芪汤
痰饮阻肺证,苏子降气汤
痰饮停胃证,温胆汤
痰饮停胃证,小半夏汤
痰饮停胃证,大半夏汤
痰饮停胃证,外台茯苓饮
痰饮留腹证,苓桂术甘汤
饮停中耳证,泽泻汤
饮停中耳证,通气散
饮邪上犯证,吴茱萸汤
饮溢四肢证,香薷饮
饮溢四肢证,木香丸
饮溢四肢证,柴胡饮
饮溢四肢证,人参散
饮溢四肢证,参苏饮
饮溢四肢证,茯苓丸
饮溢四肢证,白术汤
饮停心包证,葶苈大枣泻肺汤
饮停心包证,苓桂术甘汤
饮停胸胁证,小青龙汤
饮停胸胁证,五苓散
饮停胸胁证,桂苓木通散
饮停胸胁证,新法半夏汤
饮停胸胁证,蠲饮万灵汤
饮停胸胁证,鸡舌香散
饮停胸胁证,括痰丸
饮停胸胁证,五饮汤
饮停胸胁证,苏葶定喘丸
饮停胸胁证,括痰丸
饮停胸胁证,六安煎
饮停胸胁证,和胃饮
饮停胸胁证,苓术二陈煎
饮停胸胁证,控涎丹
饮停胸胁证,椒目瓜蒌汤
饮停胸胁证,十枣汤
饮停胸胁证,甘遂半夏汤
饮停胸胁证,己椒苈黄丸
饮停胸胁证,连朴饮
饮停胸胁证,涤饮丸
饮停胸胁证,十枣汤
饮停胸胁证,参苏饮
饮停胸胁证,新法半夏汤
饮停胸胁证,五苓散
饮停胸胁证,香薷散
饮停胸胁证,木香丸
饮停胸胁证,温中化痰丸
饮停胸胁证,半夏白术天麻汤
痰湿内蕴证,三子养亲汤
痰湿内蕴证,二陈平胃散
痰湿阻结证,痰气俱安汤
痰湿阻结证,二陈汤
痰湿阻结证,牵正散
痰湿阻结证,滚痰丸
痰湿阻结证,分水止鸣汤
痰湿阻结证,侗钥帕
痰湿阻结证,三子养亲汤
痰湿阻结证,驱痹汤
痰湿阻结证,解毒通脉汤
痰湿阻结证,蒿芩清胆汤
痰湿阻结证,桂枝茯苓丸
痰湿阻滞证,苍莎导痰丸
痰湿阻滞证,分水止鸣汤
痰湿阻滞证,苍附导痰汤
痰湿阻滞证,二陈汤
痰湿阻络证,除痹逐瘀汤
痰湿阻络证,茯苓丸
痰湿凝结证,小金丹
痰湿凝结证,阳和汤
痰湿凝结证,海藻玉壶汤
痰湿凝结证,参苓白术散
痰湿蕴肤证,三子养亲汤
痰湿蕴肤证,二陈平胃散
痰湿流注证,阳和汤
痰湿蒙塞清窍证,苏合香丸
痰湿蒙塞清窍证,涤痰汤
痰湿阻结胞睑证,化坚二陈丸
痰湿泛耳证,温阳消散汤
痰湿泛耳证,升阳调经汤
痰湿泛耳证,神塞丸
痰湿犯肺证,宣肺二三四汤
痰湿阻肺证,保宁半夏曲
痰湿阻肺证,参苏宣肺丸
痰湿阻肺证,二陈汤
痰湿蕴肺证,二陈汤
痰湿蕴肺证,三拗汤
痰湿蕴肺证,三子养亲汤
痰湿蕴肺证,二陈汤
痰湿中阻证,香砂六君子丸
痰湿蕴脾证,三子养亲汤
痰湿蕴脾证,二陈汤
痰湿犯腰证,当归芍药散
痰湿阻胞证,二陈汤
痰湿瘀滞证,二陈汤
痰湿瘀结证,苍附导痰丸
痰湿瘀结证,桂枝茯苓丸
痰湿瘀结证,半夏白术天麻汤
痰湿瘀结证,首乌泽泻白术
痰浊壅塞证,瓜蒌薤白半夏汤
痰浊阻滞证,导痰汤
痰浊阻胃证,三子养亲汤
痰浊阻胃证,二陈汤
痰浊闭阻证,涤痰汤
痰浊闭阻证,瓜蒌薤白半夏汤
痰阻心脉证,枳实薤白桂枝汤
痰阻心脉证,瓜蒌薤白半夏汤
痰浊蒙窍证,涤痰汤
痰浊闭塞证,保和丸
痰核留结证,痰核丸
痰浊结聚证,清气化痰丸
痰浊痹阻证,瓜蒌薤白半夏汤
痰浊上扰证,导痰汤
痰浊上扰证,二陈四物去熟地加天麻汤
痰浊上蒙证,枳实薤白桂枝汤
痰浊上蒙证,蒿芩清胆汤
痰浊蒙蔽清窍证,温胆汤
痰浊蒙蔽清窍证,涤痰汤
痰浊壅结外耳证,托里消毒散
痰浊阻肺证,杏仁止咳糖浆
痰浊壅肺证,三子养亲汤
痰浊壅肺证,苏子降气汤
痰浊壅肺证,真武汤
痰浊壅肺证,三子养亲汤
痰浊闭肺证,三子养亲汤
痰浊闭肺证,二陈汤
痰浊中阻证,和中降浊调糖饮
痰浊中阻证,清金化痰汤
痰浊中阻证,二陈汤
痰浊中阻证,半夏白术天麻汤
痰浊兼夹证,双降汤
痰浊化热证,温胆汤
痰浊瘀阻证,涤痰汤
痰浊瘀闭证,涤痰汤
痰热搏结证,清热化痰汤
痰热内扰证,黄连温胆汤
痰热内扰证,星蒌承气汤
痰热内扰证,礞石滚痰丸
痰热内扰证,清胆和胃安眠汤
痰热内扰证,化痰止眩汤
痰热内扰证,竹沥粥
痰热气滞证,温胆汤
痰热气滞证,金铃子散
痰热结胸证,小陷胸汤
痰热结胸证,苇茎汤
痰热腑实证,桃仁承气汤
痰热腑实证,星蒌承气汤
痰热上壅证,涤痰汤
痰热上壅证,清金化痰汤
痰热阻肺证,越婢加半夏汤
痰热阻肺证,小陷胸汤
痰热阻肺证,清气化痰丸
痰热壅肺证,咳血方
痰热壅肺证,麦门冬汤
痰热壅肺证,补肺阿胶汤
痰热壅肺证,越婢加半夏汤
痰热壅肺证,小陷胸汤
痰热壅肺证,天门冬丸
痰热壅肺证,清气化痰丸
痰热壅肺证,四生丸
痰热壅肺证,百合固金汤
痰热壅肺证,千金定喘汤
痰热壅肺证,白凤膏
痰热壅肺证,贝母瓜蒌散
痰热壅肺证,二陈汤
痰热壅肺证,清燥救肺汤
痰热壅肺证,麻黄汤
痰热壅肺证,桑杏汤
痰热壅肺证,十灰散
痰热壅肺证,清燥救肺汤
痰热壅肺证,苇茎汤
痰热壅肺证,桑菊饮
痰热闭肺证,葶苈大枣泻肺汤
痰热闭肺证,五虎汤
痰热瘀肺证,半夏汤
痰热瘀肺证,越婢汤
痰热瘀肺证,桑白皮汤
痰热瘀肺证,清金化痰汤
痰热兼夹证,温胆汤
痰热兼夹证,小柴胡汤
痰热兼夹证,蒿芩清胆汤
痰热动风证,涤痰汤
痰热动风证,导痰汤
痰热动风证,黄连温胆汤
痰热动风证,天麻钩藤饮
痰热伤阴证,养阴清肺汤
痰热伤阴证,通窍活血汤
痰火郁结证,涤痰丸
痰火上扰证,生铁落饮
痰火上扰证,牛黄清心丸
痰火上扰证,安宫牛黄丸
痰火内扰证,黄连温胆汤
痰火内扰证,龙胆泻肝汤
痰火扰神证,生铁落饮
痰火扰神证,龙胆泻肝汤
痰火扰神证,涤痰汤
痰火扰神证,礞石滚痰丸
痰火扰神证,牛黄清心丸
痰火扰神证,安宫牛黄丸
痰火扰神证,礞石滚痰丸
痰火扰神证,珍黄安宫片
痰火闭窍证,羚羊角汤
痰火动风证,将军定痛丸
痰火瘀闭证,羚羊钩藤汤
痰蒙心窍证,涤痰汤
痰迷心窍证,定痫丸
痰迷心窍证,导痰汤
痰迷心窍证,顺气导痰汤
痰迷心窍证,遂心散
痰瘀阻窍证,涤痰汤
痰瘀阻窍证,通窍活血汤
痰瘀阻窍证,礞石滚痰丸
痰瘀阻窍证,导痰汤
痰瘀阻窍证,通窍逐瘀汤
痰瘀阻窍证,二陈丸
痰瘀互结证,通窍活血汤
痰瘀互结证,半夏白术天麻汤
痰瘀互结证,二陈汤
痰瘀互结证,内消瘰疬丸
痰瘀互结证,大瓜蒌散
痰瘀互结证,逍遥散
痰瘀互结证,清气化痰丸
痰瘀互结证,会厌逐瘀汤
痰瘀互结证,桃红四物汤
痰瘀互结证,肝豆灵汤
痰瘀痹阻证,指迷茯苓丸
痰瘀痹阻证,身痛逐瘀汤
痰瘀痹阻证,当归拈痛汤
痰瘀痹阻证,桃红四物汤
痰瘀痹阻证,双合汤
痰瘀阻络证,身痛逐瘀汤
痰瘀阻络证,指迷茯苓丸
痰瘀阻络证,活络效灵丹
痰瘀阻络证,丹参饮
痰瘀阻络证,瓜蒌薤白半夏汤
痰瘀阻络证,桃红四物汤
痰瘀阻络证,膈下逐瘀汤
痰瘀阻络证,导痰汤
痰瘀阻肺证,芫花散
痰瘀阻肺证,香砂六君子汤
痰瘀阻肺证,清气化痰丸
痰瘀阻肺证,百合固金汤
痰瘀阻肺证,贝母瓜蒌散
痰瘀阻肺证,千金定喘汤
痰瘀阻肺证,麦门冬汤
痰瘀阻肺证,小青龙汤
痰瘀阻肺证,杏苏散
痰瘀阻肺证,二陈汤
痰瘀阻肺证,苏子降气汤
痰瘀阻肺证,苇茎汤
痰瘀阻肺证,咳血方
痰瘀阻肺证,九仙散
痰瘀阻肺证,清燥救肺汤
痰瘀阻肺证,麻黄杏仁甘草石膏汤
痰瘀阻肺证,止嗽散
痰瘀阻肺证,补肺阿胶汤
痰瘀阻膈证,降浊通痹汤
痰瘀阻膈证,香砂六君子汤
痰瘀闭阻证,化痰通络汤
痰瘀化热证,涤痰汤
痰瘀化热证,黄连解毒汤
痰瘀化热证,痰瘀痹痛汤
瘀血阻滞证,血府逐瘀汤
瘀血阻滞证,少腹逐瘀汤
瘀血阻滞证,尖花汤
瘀血阻滞证,通窍活血汤
瘀血痹阻证,身痛逐瘀汤
瘀血痹阻证,血府逐瘀汤
瘀滞肌肤证,桃红四物汤
瘀阻经络证,趁痛散
瘀阻脉络证,圣愈汤
瘀血阻络证,复原活血汤
瘀血阻络证,调荣活络散
瘀血阻络证,芥子竹沥汤
瘀血阻络证,调荣活络饮
瘀阻脑络证,益气阴达脑络经验方
瘀阻脑络证,通窍活血汤
瘀阻肺络证,血府逐瘀汤
瘀阻心脉证,桂枝甘草龙骨牡蛎汤
瘀阻心脉证,桃仁红花煎
瘀阻胃络证,丹参饮
瘀阻胃络证,失笑散
瘀阻胃络证,血府逐瘀汤
瘀血犯腰证,当归芍药散
瘀阻脑窍证,金匮肾气汤
瘀阻脑窍证,真武汤
瘀阻脑窍证,通窍活血汤
血瘀耳窍证,通窍活血汤
瘀血灌睛证,清热活血汤
瘀血灌睛证,活血明目饮
瘀阻气闭证,夺命散
瘀积发黄证,血府逐瘀汤
瘀热阻滞证,二妙散
瘀热阻滞证,身痛逐瘀汤
瘀热互结证,膈下逐瘀汤
瘀热互结证,泻心汤
瘀热互结证,桃核承气汤
瘀热伤阴证,通窍活血汤
瘀热伤阴证,养阴清肺汤
瘀毒化热证,化坚二陈丸
瘀毒化热证,五味消毒饮
瘀水交阻证,血府逐瘀汤
瘀水交阻证,桃红四物汤
怒动肝火证,佐金汤
怒动肝火证,逍遥散
怒动肝火证,小柴胡汤
怒动肝火证,羚羊角散
思虑伤脾证,归脾汤
忧郁伤神证,甘麦大枣汤
惊恐惊风证,琥珀抱龙丸
饮食积滞证,保和丸
饮食积滞证,枳术丸
饮食积滞证,大和中饮
饮食积滞证,枳实导滞丸
食积胃痛证,消积导滞汤
食积胃痛证,保和丸
食积腹痛证,承气汤
食积腹痛证,枳壳化滞汤
乳食积滞证,保和丸
乳食积滞证,消乳丸
乳食伤胃证,保和丸
伤酒头痛证,葛花解酲汤
伤酒呕血证,葛黄丸
伤酒泄泻证,四苓散
伤酒泄泻证,大分清饮
伤酒泄泻证,葛花解酲汤
酒毒伤神证,葛花解酲汤
食浊阻滞证,六磨汤
食滞痰阻证,六磨汤
食滞痰阻证,枳术丸
虫邪犯肺证,止嗽散
虫扰胆膈证,乌梅丸
虫积肠道证,使君子散
蛔结肠闭证,复方大承气汤
虫扰魄门证,槟榔煎剂
虫湿壅络证,虫湿壅络
虫痰互结证,乌梅丸
外伤瘀滞证,活血散瘀汤
外伤损络证,复元活血汤
外伤筋骨证,九分散
鼻伤衄血证,桃红四物汤
营卫不和证,黄芪桂枝五物汤
营卫不和证,桂枝汤
营卫不和证,龙骨牡蛎汤
气机阻滞证,二妙散
气机阻滞证,折叠开郁正元散
气机阻滞证,折叠大异香散
气机郁滞证,六磨汤
气机郁滞证,柴胡疏肝散
气机郁滞证,二妙散
气滞胸膈证,昆布丸
气滞胸膈证,厚朴丸
气滞湿阻证,六郁汤
气滞湿阻证,柴胡疏肝散
气滞热壅证,瓜蒌牛蒡汤
气郁化火证,丹栀逍遥散
气滞痰凝证,开郁散
气滞痰凝证,消疬丸
气滞痰凝证,海藻玉壶汤
气滞痰凝证,柴胡疏肝汤
气滞痰凝证,紫苏饮
气滞痰凝证,通气散坚丸
气滞痰凝证,橘核丸
气滞痰阻证,四七汤
气滞痰结咽喉证,化痰开郁方
气滞水停证,胃苓汤
气滞水停证,柴胡疏肝散
气滞水停证,天仙藤散
腑气不通证,大承气汤
腑气不通证,大黄附子汤
腑气不通证,济川煎
腑气不通证,十枣汤
腑气不通证,肥儿丸
脾气下陷证,补中益气汤
气随血脱证,独参汤
气随血脱证,生脉散
气血失调证,调和气血方
气血瘀滞证,桃红四物汤
气血瘀滞证,通窍活血汤
气血瘀滞证,石韦散
气血瘀滞证,金铃子散
气血瘀滞证,血府逐瘀汤
气血瘀滞证,桃核承气汤
气血瘀滞证,沉香散
气血瘀滞证,一捻金丸
气血瘀滞证,三茱丸
气血瘀滞证,楝树果煎汤
气滞血瘀证,血府逐瘀汤
气滞血瘀证,柴胡疏肝散
气滞血瘀证,失笑散
气滞血瘀证,身痛逐瘀汤
气滞血瘀证,牡丹皮散
气滞血瘀证,鳖甲煎丸
气滞血瘀证,逍遥散
气滞血瘀证,桃红四物汤
气滞血瘀证,小乌沉汤
气滞血瘀证,少腹逐瘀汤
气滞血瘀证,黑神散
气血痹阻证,大秦艽汤
气血痹阻证,独活寄生汤
气血凝滞证,八珍汤
气血凝滞证,四物汤
气血凝滞证,七味丸
气血凝滞证,黄土汤
气血凝滞证,当归补血汤
气血凝滞证,清骨散
气血凝滞证,犀角地黄汤
气血凝滞证,银翘散
气血凝结证,丹栀逍遥散
气血瘀阻证,通窍活血汤
气虚不摄证,归脾汤
气不摄津证,归脾汤
气不摄血证,人参养荣丸
气不摄血证,归脾汤
营卫不足证,黄芪五物汤
中气亏虚证,人参理中汤
中气亏虚证,补中益气汤
中气不足证,补中益气汤
上气不足证,益气聪明汤
中气下陷证,补中益气汤
元气不足证,补中益气汤
气虚感冒证,补气益中汤
气虚感冒证,健身固表汤
气虚发热证,补中益气汤
气虚血瘀证,补阳还五汤
气虚血瘀证,保元汤
气虚血瘀证,桃红四物汤
气虚血瘀证,葶苈大枣泻肺汤
气虚血瘀证,补肾益气活血方
气虚血瘀证,参芪合血府逐瘀汤
气虚络瘀证,补阳还五汤
气血两虚证,当归生姜羊肉汤
气血两虚证,十全大补汤
气血两虚证,香贝养荣汤
气血两虚证,肠宁汤
气血两虚证,可保立苏汤
气血两虚证,八珍汤
气血两虚证,归脾汤
气血两虚证,当归补血汤
气血亏虚证,八珍汤
气衰血脱证,独参汤
气阴两虚证,生脉散
气阴两虚证,人参养荣汤
气阴两虚证,百合固金汤
气阴亏虚证,生脉饮
气阴亏虚证,七味白术散
气阴两伤证,人参乌梅汤
气液耗伤证,保真汤
气液耗伤证,苓白术散
血热壅滞证,归芍红花散
血热妄行证,十灰散
血热妄行证,犀角地黄汤
血热风燥证,四物汤
血热风燥证,六味地黄汤
血热风燥证,神应养真丹
血热挟湿证,利湿清血饮
血虚失养证,四物汤
血不荣筋证,大秦艽汤
血不荣筋证,羌活愈风汤
血虚肠燥证,润肠丸
阴血亏虚证,四物汤
阴血亏虚证,大定风珠
阴血亏虚证,三甲复脉汤
阴血不足证,归芍地黄丸
阴血不足证,四物汤
血枯经闭证,养荣汤
血枯经闭证,玉烛散
血枯经闭证,六味地黄汤
血枯经闭证,十全大补汤
血枯瘀阻证,小营煎
血虚肝旺证,地黄饮子
血虚肝旺证,当归饮子
血虚风盛证,阿胶红枣乌鸡汤
血虚风盛证,独活寄生汤
血虚风燥证,四物消风饮
血虚风燥证,当归饮子
血虚寒厥证,当归四逆汤
血虚阳浮证,当归补血汤
血虚内热证,八物汤
血虚内热证,四物汤
血虚挟瘀证,杭芍桃仁粥
瘀血内结证,膈下逐瘀汤
瘀血内结证,六君子汤
瘀血内结证,通幽汤
瘀血内结证,水红花子汤
瘀血内结证,三仁汤
血瘀水停证,参附汤
血瘀水停证,丹参饮
血瘀水停证,苓桂术甘汤
血瘀水停证,心痹汤
血瘀成痈证,大黄牡丹皮汤
阴寒凝滞证,栝蒌薤白白酒汤
阴液亏虚证,青蒿鳖甲汤
阴津亏虚证,新加黄龙汤
阴津亏虚证,增液承气汤
阴液涸竭证,通脉四逆加猪胆汁汤
疹后阴伤证,沙参麦冬汤
阴伤胃败证,连梅汤
阴虚肠燥证,润肠丸
阴虚血燥证,增液汤
阴虚血燥证,四物消风饮
阴虚血燥证,一阴煎
肌肤失养证,麻黄方?
阴虚感冒证,葳蕤汤
阴虚热盛证,白虎汤
阴虚热盛证,消渴方
阴虚热盛证,当归六黄汤
阴虚血热证,两地汤
阴虚余热证,清骨散
阴虚夹湿证,知柏地黄汤
阴虚湿热证,大补阴丸
阴虚湿热证,甘露饮
阴虚湿热证,知柏地黄丸
阴虚痰热证,清骨散
阴虚痰热证,六味地黄汤
阴虚水停证,一贯煎
阴虚水停证,六味地黄丸
阴虚毒盛证,滋阴内托散
阴虚毒恋证,知柏地黄丸
阴虚毒恋证,三妙丸
阴虚毒恋证,青蒿鳖甲汤
阴虚血瘀证,参芪地黄汤
阴虚血瘀证,清心莲子饮
阴虚血瘀证,升降散
阴虚血瘀证,黄连温胆汤
阴虚血瘀证,左归丸
阴虚血瘀证,生脉散
阴虚血瘀证,当归补血汤
阴虚血瘀证,桃红四物汤
阴虚血瘀证,芍药甘草汤
阴虚火旺证,六味地黄丸
阴虚火旺证,知柏地黄丸
阴虚火炽证,地黄汤
阴虚火炽证,淡竹叶黄芪汤
阴虚火炽证,黄连阿胶汤
阴虚动风证,复脉汤
阴阳两虚证,右归饮
阴阳两虚证,十四味建中汤
阴阳两虚证,金匮肾气丸
阴阳两虚证,炙甘草汤
阴阳两虚证,桂枝去芍药加皂荚汤
阴阳两虚证,生姜甘草汤
阴阳两虚证,补天大造丸
阳气虚衰证,地黄饮子
清阳不升证,新加香薷饮
清阳不升证,甘露消毒丹
清阳不升证,益气聪明汤
清阳不升证,补中益气汤
清阳不升证,归脾汤
清阳不升证,平胃散
清阳不升证,柴胡舒肝散
清阳不升证,通窍活血汤
阳虚寒湿阻络证,薏苡仁汤
阳虚寒湿阻络证,乌头汤
阳虚寒厥证,四逆汤
阳虚痰凝证,阳和汤
阳虚寒痰证,射干麻黄汤
阳虚寒痰证,瓜蒌薤白半夏汤
阳虚寒痰证,苓甘五味姜辛汤
阳虚饮停证,附子理中汤
阳虚饮停证,苓桂术甘汤
阳虚邪恋证,吴氏三甲散
髓海不足证,七福饮
髓海不足证,补肾益髓汤
髓海不足证,龟鹿二仙膏
髓海不足证,大定风珠
津亏热结证,沙参麦冬汤
寒凝心脉证,枳实薤白桂枝汤
寒凝心脉证,当归四逆汤
热邪入心证,当归四逆汤
心火炽盛证,当归四逆汤
心火上炎证,泻心导赤散
湿热蒸鼻证,甘露消毒丹
湿热蒸鼻证,萆Z渗湿汤
湿热蒸鼻证,参苓白术散
燥伤鼻窍证,桑杏汤
湿热蒸口证,龙胆泻肝汤
毒火攻唇证,导赤散合凉膈散
虚火灼口证,益胃汤
风热犯齿证,银翘散
风火犯齿证,银翘散
火毒犯齿证,清胃散
火毒犯龈证,清胃散
火毒犯龈证,通脾泻胃汤
胃火燔龈证,清胃散
胃火燔龈证,通脾泻胃汤
湿热蒸齿证,清胃散
湿热蒸齿证,清火片
湿热蒸齿证,黄连上清丸
气虚齿动证,八珍汤
气虚齿动证,十全大补丸
血虚齿龈失养证,八珍汤
血虚齿龈失养证,十全大补丸
阴虚齿龈失养证,六味地黄汤
阴虚齿龈失养证,知柏地黄丸
阴虚齿龈失养证,滋阴补肾丸
阴虚齿龈失养证,固齿健周汤
肾虚齿动证,六昧地黄丸
肾虚齿动证,滋阴清胃固齿丸
乳络壅阻证,逍遥散
乳房部漏证,托里消毒饮
精室湿热证,枸橘汤
精室湿热证,龙胆泻肝汤
精室湿热证,八正散
精室瘀浊证,橘核丸
精室瘀浊证,前列腺汤
胞宫寒凝证,温脐化湿汤
胞宫寒凝证,温经汤
胞宫虚寒证,附子汤
胞宫虚寒证,天根月窟膏
胞宫痰湿阻滞证,苍附导痰丸
胞宫湿热证,二妙散
胞宫湿热证,龙胆泻肝汤
胞宫血热证,清热固经汤
寒滞经脉证,乌头汤
经脉瘀阻证,趁痛散
手太阴肺经证,清肺和疟汤
手太阴肺经证,理中汤
手阳明大肠经证,三黄解毒汤
足阳明胃经证,白虎汤
手少阴心经证,黄连阿胶汤
手少阴心经证,清心和疟饮
手少阴心经证,知母散
手少阴心经证,四逆汤
足少阴肾经证,温里退邪汤
手厥阴心包经证,清心和疟饮
足少阳胆经证,和疟饮
足少阳胆经证,加味柴胡汤
足厥阴肝经证,逍遥散
足厥阴肝经证,补肝祛疟汤
督脉邪实证,荆防败毒散
督脉邪实证,柴葛解肌汤
督脉邪实证,羌活胜湿汤
督脉邪实证,甘露消毒丹
督脉虚损证,苏合香丸
督脉虚损证,藿香正气散
督脉虚损证,川芎茶调散
督脉虚损证,白芷丸
督脉阳虚证,斑龙丸
任脉虚损证,夺命丹
任脉虚损证,一捏金散
任脉不通证,木香顺气散
任脉不通证,和气汤
冲脉证,理中汤
冲脉证,加味补阴丸
冲脉证,麻黄汤
冲脉证,承气汤
冲脉证,参脂四物汤
冲脉证,温经汤
冲任虚寒证,温经汤
冲任虚寒证,石英汤
冲任虚寒证,白蔹丸
冲任虚寒证,诜诜丸
冲任不固证,固冲汤
冲任不固证,固经丸
络气不和证,香附旋复花汤
络脉瘀阻证,补阳还五汤
络脉破损证,祛伤散
络脉破损证,软坚散
络伤出血证,麦门冬汤
络伤便血证,消痞丸
络伤便血证,地榆槐角丸
络伤便血证,山楂子散
太阳经证,解邪汤
太阳经证,羌活木通汤
太阳中风证,桂枝汤
太阳伤寒证,麻黄汤
太阳腑证,五苓散
太阳蓄水证,五苓散
太阳头痛证,羌活防风汤
太阳头痛证,止痛太阳丹
太阳头痛证,太阳经嚏药
太阳头痛证,柴芎汤
太阳头痛证,羌活芎藁汤
太阳痞证,甘草泻心汤
太阳结胸证,大陷胸汤
阳明经证,葛根汤
阳明经证,桂枝加葛根汤
阳明经证,白虎汤
阳明经证,柴胡白虎汤
阳明腑实证,镇逆承气汤
阳明腑实证,滋阴清胃汤
阳明腑实证,天地苁蓉汤
阳明腑实证,防粘连汤
阳明头痛证,白虎汤
阳明头痛证,升麻芷葛汤
阳明头痛证,葛根葱白汤
阳明头痛证,黄连消毒饮
阳明发黄证,茵陈蒿汤方
阳明发黄证,栀子柏皮汤方
阳明发黄证,麻黄连轺赤小豆汤方
邪入少阳证,小柴胡汤
邪在少阳证,蒿芩清胆汤
邪在少阳证,柴胡截疟饮
邪在少阳证,七宝饮
邪在少阳证,小柴胡汤
邪在少阳证,柴胡葛根汤
邪郁少阳证,小柴胡汤
少阳头痛证,小清空膏
少阳头痛证,大柴胡汤
太阴经证,黄酥丹
太阴经证,桂枝汤
太阴寒湿证,四逆汤
太阴寒湿证,理中汤
太阴发黄证,茵陈将军汤
少阴寒化证,四逆汤
少阴寒化证,附子汤
少阴寒化证,真武汤
少阴寒化证,白通汤
少阴寒化证,薯蓣丸
少阴热化证,黄连阿胶汤
少阴头痛证,川芎茶调散
厥阴中风证,柴胡桂枝干姜汤
厥阴中风证,小前胡汤
厥阴头痛证,来复丹
厥阴头痛证,茯苓天麻汤
厥阴头痛证,济川饮
厥阴头痛证,吴萸酒
厥阴寒证,吴茱萸汤
厥阴热证,白虎汤
厥阴热证,白头翁汤
太阳少阴两感证,麻黄附子细辛汤
太阳少阴两感证,麻黄附子甘草汤
三焦实热证,赴晏散
三焦实热证,润焦汤
三焦实热证,抑肝化痰汤
三焦实热证,三黄片
三焦湿热证,葶苈大枣泻肺汤
三焦湿热证,己椒苈黄丸
三焦虚寒证,楮实丸
三焦虚寒证,清热化湿饮
中焦实热证,竹叶石膏汤
中焦实热证,调胃承气汤
中焦湿热证,清中汤
中焦湿热证,蒿芩清胆汤
中焦湿热证,达原饮
中焦湿热证,肝胃百合汤
中焦湿热证,栀连茵陈汤
中焦湿热证,甘旱蜜汤
中焦湿热证,清胃健中汤
中焦湿热证,加味槐榆合剂
下焦热盛证,小蓟饮子
下焦湿热证,银花泌炎灵片
下焦湿热证,葛根芩连汤
下焦湿热证,八正散
下焦湿热证,二妙散
下焦湿热证,龙胆泻肝汤
下焦虚冷证,人参续气汤
下焦虚冷证,石钟乳丸
下焦虚冷证,内固丸
下焦虚冷证,椒红丸
下焦虚冷证,荜茇丸
下焦虚冷证,香子丸
下焦虚冷证,浓朴丸
下焦虚冷证,诃黎勒丸
下焦虚冷证,沉香荜茇丸
下焦虚冷证,补骨脂丸
下焦虚冷证,韭子丸
下焦虚冷证,温内丸
下焦蓄血证,桃核承气汤
卫分证,银翘散
卫分证,新加香薷饮
卫分证,藿香正气散
卫分证,桑杏汤
卫分证,麻黄汤
卫气同病证,银翘白虎汤
卫气同病证,莲花清瘟胶囊
卫营同病证,银翘散
卫营同病证,清营汤
气分证,桂术汤
气分证,三仁汤
气分证,清气分热剂
气分湿热证,甘露消毒丹
气营两燔证,清瘟败毒饮
气血两燔证,犀角地黄汤
气血两燔证,银翘散
气血两燔证,清瘟败毒饮
气血两燔证,流脑合剂
营分证,清营汤
营分证,紫雪丹
营分证,安宫牛黄丸
营分证,至宝丹
营分热盛证,清营汤
血热动血证,犀角地黄汤
血热动风证,羚角钩藤汤
禀赋不足证,金匮肾气丸
禀赋不足证,补中益气丸
禀赋不足证,归脾丸
禀赋不足证,十全大补丸
禀赋不足证,补肾地黄丸
禀赋不足证,蹲鸱丸
禀赋不足证,小定志丸
阴闭证,苏合香丸
阴闭证,涤痰汤
阴闭证,五苓散
阴闭证,独参汤
阳闭证,导赤散
阳闭证,八正散
内闭外脱证,安宫牛黄丸
内闭外脱证,生脉散
内闭外脱证,参附汤